,term,weight
0,11,0.005352877275721889
1,11 item,0.005352877275721889
2,110,0.005352877275721889
3,110 teacher,0.005352877275721889
4,12 conclus,0.006201736729460425
5,12 educ,0.006201736729460425
6,12 items,0.008006407690254359
7,12 rasch,0.008006407690254359
8,16,0.006201736729460425
9,16 18,0.006201736729460425
10,18,0.01240347345892085
11,18 saudi,0.006201736729460425
12,18 year,0.006201736729460425
13,19,0.014285714285714289
14,19 complet,0.007142857142857144
15,19 hundr,0.007142857142857144
16,1988,0.0071981575074869485
17,1988 model,0.0071981575074869485
18,20,0.0071981575074869485
19,20 student,0.0071981575074869485
20,2017,0.006201736729460425
21,2017 project,0.006201736729460425
22,2020 covid,0.007142857142857144
23,2020 mobil,0.005352877275721889
24,2021,0.006201736729460425
25,2021 process,0.006201736729460425
26,26,0.0066081860045509
27,26 pupils,0.0066081860045509
28,38,0.0066081860045509
29,38 state,0.0066081860045509
30,4g,0.005352877275721889
31,4g lack,0.005352877275721889
32,56,0.005352877275721889
33,56 univers,0.005352877275721889
34,68,0.005352877275721889
35,68 teacher,0.005352877275721889
36,86,0.0071981575074869485
37,86 android,0.0071981575074869485
38,92,0.0066081860045509
39,92 student,0.0066081860045509
40,94,0.0071981575074869485
41,94 furthermore,0.0071981575074869485
42,academ,0.009128709291752772
43,academ performances,0.009128709291752772
44,accept,0.031008683647302124
45,accept behaviour,0.006201736729460425
46,accept learn,0.006201736729460425
47,accept mobil,0.01240347345892085
48,accept use,0.006201736729460425
49,access,0.009053574604251855
50,access equip,0.009053574604251855
51,accord facil,0.0071981575074869485
52,accord learnerâ,0.012500000000000004
53,accord results,0.0066081860045509
54,accur,0.0066081860045509
55,accur results,0.0066081860045509
56,acquir,0.006201736729460425
57,acquir understand,0.006201736729460425
58,activ follows,0.0066081860045509
59,activ nations,0.007142857142857144
60,activ used,0.005352877275721889
61,activities,0.0066081860045509
62,activities signific,0.0066081860045509
63,actor,0.010314212462587936
64,actor learn,0.010314212462587936
65,adapt,0.010705754551443777
66,adapt mobil,0.005352877275721889
67,adapt teach,0.005352877275721889
68,addit featur,0.009053574604251855
69,addit learn,0.008006407690254359
70,addition,0.0066081860045509
71,addition qualit,0.0066081860045509
72,adjust,0.007142857142857144
73,adjust teach,0.007142857142857144
74,administ,0.009128709291752772
75,administ 105,0.009128709291752772
76,advanc,0.005352877275721889
77,advanc technolog,0.005352877275721889
78,affect accept,0.006201736729460425
79,affect meaning,0.0066081860045509
80,affected,0.007142857142857144
81,affected becaus,0.007142857142857144
82,age,0.006201736729460425
83,age 16,0.006201736729460425
84,aim develop,0.0071981575074869485
85,aim explor,0.005352877275721889
86,aim model,0.012500000000000004
87,aim research,0.0066081860045509
88,aim studi,0.008006407690254359
89,alloc,0.012500000000000004
90,alloc mobil,0.012500000000000004
91,allow,0.008006407690254359
92,allow inform,0.008006407690254359
93,alreadi,0.0066081860045509
94,alreadi concret,0.0066081860045509
95,analog,0.01810714920850371
96,analog electron,0.01810714920850371
97,analys,0.010314212462587936
98,analys differ,0.010314212462587936
99,analysi impact,0.005352877275721889
100,analysis,0.0066081860045509
101,analysis accord,0.0066081860045509
102,analyz compar,0.005352877275721889
103,analyz use,0.007142857142857144
104,android,0.014396315014973897
105,android bas,0.0071981575074869485
106,android learn,0.0071981575074869485
107,annual,0.008006407690254359
108,annual residenti,0.008006407690254359
109,answer,0.01810714920850371
110,answer server,0.009053574604251855
111,answer sever,0.009053574604251855
112,app,0.014396315014973897
113,app approach,0.0071981575074869485
114,app data,0.0071981575074869485
115,appl,0.012500000000000004
116,appl accord,0.012500000000000004
117,applic 18,0.006201736729460425
118,applic obtain,0.0071981575074869485
119,applic specif,0.005352877275721889
120,applic usabl,0.008006407690254359
121,applic version,0.0071981575074869485
122,application obtain,0.0066081860045509
123,application process,0.0066081860045509
124,approach form,0.0071981575074869485
125,approach high,0.006201736729460425
126,approach real,0.0132163720091018
127,approach teach,0.010314212462587936
128,appropri,0.012500000000000004
129,appropri match,0.012500000000000004
130,arabia,0.006201736729460425
131,arabia examin,0.006201736729460425
132,arabian,0.01240347345892085
133,arabian educ,0.006201736729460425
134,arabian govern,0.006201736729460425
135,architectur,0.010314212462587936
136,architectur framework,0.010314212462587936
137,area,0.0066081860045509
138,area citi,0.0066081860045509
139,aspect,0.010705754551443777
140,aspect mobil,0.005352877275721889
141,aspect process,0.005352877275721889
142,assess,0.0066081860045509
143,assess entri,0.0066081860045509
144,assist,0.010314212462587936
145,assist game,0.010314212462587936
146,associ,0.010705754551443777
147,associ qualiti,0.005352877275721889
148,associ technological,0.005352877275721889
149,auditori,0.0066081860045509
150,auditori learn,0.0066081860045509
151,authent,0.019824558013652696
152,authent approach,0.0132163720091018
153,authent learn,0.0066081860045509
154,authors,0.005352877275721889
155,authors 110,0.005352877275721889
156,avail,0.012500000000000004
157,avail time,0.012500000000000004
158,bachelor manag,0.008006407690254359
159,bachelor management,0.009128709291752772
160,background,0.007142857142857144
161,background studi,0.007142857142857144
162,bas learn,0.0071981575074869485
163,bas methodolog,0.006201736729460425
164,base characterist,0.0066081860045509
165,base method,0.005352877275721889
166,base methodolog,0.009053574604251855
167,base possibl,0.005352877275721889
168,base theme,0.010314212462587936
169,becaus data,0.0066081860045509
170,becaus school,0.007142857142857144
171,becaus various,0.0066081860045509
172,becom,0.005352877275721889
173,becom increas,0.005352877275721889
174,begin,0.005352877275721889
175,begin note,0.005352877275721889
176,behav,0.005352877275721889
177,behav irrespons,0.005352877275721889
178,behavior,0.0132163720091018
179,behavior questionnair,0.0066081860045509
180,behavior student,0.0066081860045509
181,behaviour,0.006201736729460425
182,behaviour students,0.006201736729460425
183,better,0.007142857142857144
184,better cope,0.007142857142857144
185,book,0.006201736729460425
186,book bas,0.006201736729460425
187,build,0.010314212462587936
188,build architectur,0.010314212462587936
189,campus,0.008006407690254359
190,campus univers,0.008006407690254359
191,center,0.0066081860045509
192,center assess,0.0066081860045509
193,centr,0.016012815380508718
194,centr effect,0.008006407690254359
195,centr implement,0.008006407690254359
196,chang,0.007142857142857144
197,chang daili,0.007142857142857144
198,characterist coastal,0.0066081860045509
199,characterist especi,0.009128709291752772
200,characteristic,0.009128709291752772
201,characteristic learn,0.009128709291752772
202,chemistri,0.0071981575074869485
203,chemistri educ,0.0071981575074869485
204,citi,0.0066081860045509
205,citi center,0.0066081860045509
206,class,0.007142857142857144
207,class lectur,0.007142857142857144
208,classes,0.005352877275721889
209,classes inattentive,0.005352877275721889
210,classic,0.009053574604251855
211,classic analog,0.009053574604251855
212,classroom,0.007142857142857144
213,classroom halt,0.007142857142857144
214,closures,0.007142857142857144
215,closures face,0.007142857142857144
216,coastal,0.0066081860045509
217,coastal area,0.0066081860045509
218,collabor,0.008006407690254359
219,collabor interact,0.008006407690254359
220,collect,0.014396315014973897
221,collect process,0.0071981575074869485
222,collect use,0.0071981575074869485
223,commit,0.006201736729460425
224,commit updat,0.006201736729460425
225,communiti,0.010314212462587936
226,communiti object,0.010314212462587936
227,compar analysi,0.005352877275721889
228,compar explicit,0.009128709291752772
229,compar impact,0.005352877275721889
230,competit,0.009053574604251855
231,competit learn,0.009053574604251855
232,complement,0.009053574604251855
233,complement classic,0.009053574604251855
234,complet,0.007142857142857144
235,complet chang,0.007142857142857144
236,concept,0.021594472522460842
237,concept redokspro,0.0071981575074869485
238,concept redox,0.0071981575074869485
239,concept reduct,0.0071981575074869485
240,conclus,0.01240347345892085
241,conclus drawn,0.006201736729460425
242,conclus literatur,0.006201736729460425
243,concret,0.0066081860045509
244,concret logic,0.0066081860045509
245,conduct,0.010705754551443777
246,conduct compar,0.005352877275721889
247,conduct develop,0.005352877275721889
248,confirm,0.006201736729460425
249,confirm limit,0.006201736729460425
250,consist dimens,0.012500000000000004
251,consist sever,0.009053574604251855
252,consolid,0.006201736729460425
253,consolid known,0.006201736729460425
254,context,0.009053574604251855
255,context paper,0.009053574604251855
256,continu,0.007142857142857144
257,continu learning,0.007142857142857144
258,contrast,0.007142857142857144
259,contrast student,0.007142857142857144
260,conversationâ,0.010314212462587936
261,conversationâ differ,0.010314212462587936
262,convert,0.006201736729460425
263,convert exist,0.006201736729460425
264,cope,0.014285714285714289
265,cope pandemic,0.007142857142857144
266,cope unexpect,0.007142857142857144
267,correlation,0.007142857142857144
268,correlation hierarch,0.007142857142857144
269,cours consist,0.009053574604251855
270,cours design,0.009053574604251855
271,cours development,0.009053574604251855
272,cours experienc,0.007142857142857144
273,cours experimented,0.009053574604251855
274,cours import,0.007142857142857144
275,cours main,0.008006407690254359
276,cours managers,0.008006407690254359
277,course,0.009053574604251855
278,course cours,0.009053574604251855
279,courses context,0.009053574604251855
280,courses contrast,0.007142857142857144
281,courses cours,0.009053574604251855
282,covid,0.014285714285714289
283,covid 19,0.014285714285714289
284,creat mobil,0.0066081860045509
285,creat signific,0.006201736729460425
286,current,0.012500000000000004
287,current research,0.012500000000000004
288,daili,0.007142857142857144
289,daili activ,0.007142857142857144
290,data 92,0.0066081860045509
291,data analyz,0.007142857142857144
292,data collect,0.0071981575074869485
293,data studi,0.0071981575074869485
294,day,0.012500000000000004
295,day level,0.012500000000000004
296,decision,0.007142857142857144
297,decision research,0.007142857142857144
298,declar,0.006201736729460425
299,declar convert,0.006201736729460425
300,declin,0.005352877275721889
301,declin knowledg,0.005352877275721889
302,deep,0.006201736729460425
303,deep div,0.006201736729460425
304,definit,0.020628424925175873
305,definit mobil,0.020628424925175873
306,deliveri,0.005352877275721889
307,deliveri problem,0.005352877275721889
308,demograph,0.006201736729460425
309,demograph 12,0.006201736729460425
310,demotiv,0.007142857142857144
311,demotiv student,0.007142857142857144
312,described,0.012500000000000004
313,descript,0.0066081860045509
314,descript quantit,0.0066081860045509
315,design assist,0.010314212462587936
316,design complement,0.009053574604251855
317,design creat,0.0066081860045509
318,design learn,0.009128709291752772
319,design memrg,0.010314212462587936
320,design questionnair,0.009128709291752772
321,desir,0.014285714285714289
322,desir onlin,0.014285714285714289
323,determin learner,0.009128709291752772
324,determin support,0.0066081860045509
325,develop analysis,0.0066081860045509
326,develop android,0.0071981575074869485
327,develop authors,0.005352877275721889
328,develop design,0.010314212462587936
329,develop recommend,0.005352877275721889
330,develop research,0.0071981575074869485
331,development expert,0.0071981575074869485
332,development superior,0.009053574604251855
333,devic key,0.009053574604251855
334,devic today,0.005352877275721889
335,did,0.01240347345892085
336,did affect,0.01240347345892085
337,differ,0.020628424925175873
338,differ actor,0.010314212462587936
339,differ definit,0.010314212462587936
340,difficulti,0.005352877275721889
341,difficulti adapt,0.005352877275721889
342,difficulties,0.0066081860045509
343,difficulties 38,0.0066081860045509
344,dimens,0.012500000000000004
345,dimens mobil,0.012500000000000004
346,dimensions,0.009128709291752772
347,dimensions rasch,0.009128709291752772
348,distanc education,0.008006407690254359
349,distanc learn,0.008006407690254359
350,distinct,0.010314212462587936
351,distinct featur,0.010314212462587936
352,distractions,0.012500000000000004
353,distractions time,0.012500000000000004
354,distribut,0.008006407690254359
355,distribut tutori,0.008006407690254359
356,div,0.006201736729460425
357,div literatur,0.006201736729460425
358,drawn,0.006201736729460425
359,drawn societ,0.006201736729460425
360,dure annual,0.008006407690254359
361,dure cours,0.007142857142857144
362,dure covid,0.007142857142857144
363,dure onlin,0.005352877275721889
364,educ especi,0.009128709291752772
365,educ field,0.009128709291752772
366,educ heavili,0.007142857142857144
367,educ march,0.006201736729460425
368,educ ministri,0.006201736729460425
369,educ mix,0.010314212462587936
370,educ model,0.0066081860045509
371,educ space,0.006201736729460425
372,educ studi,0.0071981575074869485
373,education learn,0.006201736729460425
374,education univers,0.008006407690254359
375,educators,0.005352877275721889
376,educators students,0.005352877275721889
377,effect individu,0.012500000000000004
378,effect mobil,0.008006407690254359
379,effect new,0.009128709291752772
380,effect student,0.006201736729460425
381,effective,0.0071981575074869485
382,effective efficient,0.0071981575074869485
383,effici,0.005352877275721889
384,effici various,0.005352877275721889
385,efficient,0.0071981575074869485
386,efficient practical,0.0071981575074869485
387,effort,0.006201736729460425
388,effort performance,0.006201736729460425
389,electron,0.01810714920850371
390,electron course,0.009053574604251855
391,electron courses,0.009053574604251855
392,element,0.0248069469178417
393,element education,0.006201736729460425
394,element effect,0.006201736729460425
395,element influenc,0.006201736729460425
396,element order,0.006201736729460425
397,elementari,0.019824558013652696
398,elementari institutions,0.0066081860045509
399,elementari school,0.0132163720091018
400,employ examin,0.007142857142857144
401,employ life,0.005352877275721889
402,end,0.009053574604251855
403,end student,0.009053574604251855
404,enhancement,0.007142857142857144
405,enhancement self,0.007142857142857144
406,entri,0.0132163720091018
407,entri behavior,0.0132163720091018
408,environ,0.009128709291752772
409,environ sms,0.009128709291752772
410,environment data,0.009128709291752772
411,environment studi,0.005352877275721889
412,environments,0.008006407690254359
413,environments stationari,0.008006407690254359
414,equip,0.009053574604251855
415,equip make,0.009053574604251855
416,especi,0.018257418583505543
417,especi distanc,0.009128709291752772
418,especi term,0.009128709291752772
419,estim,0.009128709291752772
420,estim independ,0.009128709291752772
421,evalu,0.028792630029947794
422,evalu app,0.0071981575074869485
423,evalu expert,0.0071981575074869485
424,evalu qualiti,0.0071981575074869485
425,evalu usabl,0.0071981575074869485
426,evaluation,0.0071981575074869485
427,evaluation 20,0.0071981575074869485
428,everi,0.005352877275721889
429,everi reason,0.005352877275721889
430,examin element,0.006201736729460425
431,examin motivation,0.008006407690254359
432,examin onlin,0.007142857142857144
433,exampl,0.012500000000000004
434,exampl given,0.012500000000000004
435,exams,0.005352877275721889
436,exams 68,0.005352877275721889
437,exercis,0.0066081860045509
438,exercis support,0.0066081860045509
439,exist,0.006201736729460425
440,exist book,0.006201736729460425
441,expect,0.006201736729460425
442,expect effort,0.006201736729460425
443,experi,0.005352877275721889
444,experi onlin,0.005352877275721889
445,experienc,0.007142857142857144
446,experienc learn,0.007142857142857144
447,experimented,0.009053574604251855
448,experimented increas,0.009053574604251855
449,expert,0.021594472522460842
450,expert evalu,0.0071981575074869485
451,expert review,0.0071981575074869485
452,expert reviews,0.0071981575074869485
453,explicit,0.009128709291752772
454,explicit result,0.009128709291752772
455,explor factor,0.007142857142857144
456,explor various,0.005352877275721889
457,extract,0.010314212462587936
458,extract propos,0.010314212462587936
459,fac,0.007142857142857144
460,fac classroom,0.007142857142857144
461,face,0.007142857142857144
462,face fac,0.007142857142857144
463,facil,0.0071981575074869485
464,facil student,0.0071981575074869485
465,factor affect,0.007142857142857144
466,factor implement,0.0132163720091018
467,factor influenc,0.007142857142857144
468,factor learner,0.009128709291752772
469,factor studi,0.006201736729460425
470,factors,0.008006407690254359
471,factors process,0.008006407690254359
472,fail,0.005352877275721889
473,fail test,0.005352877275721889
474,feedback,0.009053574604251855
475,feedback learn,0.009053574604251855
476,feel,0.016012815380508718
477,feel happi,0.008006407690254359
478,feel support,0.008006407690254359
479,field reason,0.009128709291752772
480,field suggest,0.007142857142857144
481,fields,0.005352877275721889
482,fields mobil,0.005352877275721889
483,focus,0.009053574604251855
484,focus implement,0.009053574604251855
485,follows,0.0066081860045509
486,follows student,0.0066081860045509
487,form,0.0071981575074869485
488,form develop,0.0071981575074869485
489,framework analog,0.009053574604251855
490,framework memrg,0.010314212462587936
491,furthermore research,0.0066081860045509
492,furthermore small,0.0071981575074869485
493,futur,0.010705754551443777
494,futur employ,0.005352877275721889
495,futur import,0.005352877275721889
496,gadget,0.005352877275721889
497,gadget support,0.005352877275721889
498,gain,0.005352877275721889
499,gain popular,0.005352877275721889
500,game,0.020628424925175873
501,game develop,0.010314212462587936
502,game memrg,0.010314212462587936
503,gather home,0.0066081860045509
504,gather look,0.009128709291752772
505,gather survey,0.009128709291752772
506,gender,0.006201736729460425
507,gender signific,0.006201736729460425
508,general,0.005352877275721889
509,given current,0.012500000000000004
510,given great,0.005352877275721889
511,given latent,0.009128709291752772
512,govern commit,0.006201736729460425
513,govern univers,0.007142857142857144
514,great,0.005352877275721889
515,great preval,0.005352877275721889
516,group appropri,0.012500000000000004
517,group evalu,0.0071981575074869485
518,group evaluation,0.0071981575074869485
519,guidance,0.0066081860045509
520,guidance th,0.0066081860045509
521,halt,0.007142857142857144
522,halt replac,0.007142857142857144
523,hand,0.005352877275721889
524,hand tasks,0.005352877275721889
525,hannafin,0.0071981575074869485
526,hannafin peck,0.0071981575074869485
527,happi,0.008006407690254359
528,happi use,0.008006407690254359
529,heavili,0.007142857142857144
530,heavili affected,0.007142857142857144
531,hedon,0.01240347345892085
532,hedon motiv,0.01240347345892085
533,hierarch,0.007142857142857144
534,hierarch regress,0.007142857142857144
535,high,0.01240347345892085
536,high school,0.01240347345892085
537,home,0.0066081860045509
538,home visit,0.0066081860045509
539,homes,0.007142857142857144
540,homes spend,0.007142857142857144
541,hour,0.007142857142857144
542,hour stare,0.007142857142857144
543,human,0.008006407690254359
544,human centr,0.008006407690254359
545,hundr,0.007142857142857144
546,hundr student,0.007142857142857144
547,ideal,0.0066081860045509
548,ideal becaus,0.0066081860045509
549,impact,0.016058631827165666
550,impact mobil,0.016058631827165666
551,implement human,0.008006407690254359
552,implement new,0.006201736729460425
553,implement onlin,0.007142857142857144
554,implic,0.007142857142857144
555,implic govern,0.007142857142857144
556,import conduct,0.005352877275721889
557,import predictor,0.007142857142857144
558,impos,0.007142857142857144
559,impos signific,0.007142857142857144
560,improv educ,0.006201736729460425
561,improv qualiti,0.005352877275721889
562,improvement,0.005352877275721889
563,improvement mobil,0.005352877275721889
564,inattentive,0.005352877275721889
565,inattentive tend,0.005352877275721889
566,increas learn,0.012500000000000004
567,independ,0.009128709291752772
568,independ compar,0.009128709291752772
569,indic,0.0071981575074869485
570,indic qualiti,0.0071981575074869485
571,indicators,0.005352877275721889
572,indicators given,0.005352877275721889
573,individu,0.012500000000000004
574,individu group,0.012500000000000004
575,indonesia use,0.0066081860045509
576,indonesia volunt,0.0071981575074869485
577,influenc accept,0.006201736729460425
578,influenc did,0.006201736729460425
579,influenc learnerâ,0.009128709291752772
580,influenc student,0.007142857142857144
581,influence,0.007142857142857144
582,influence studi,0.007142857142857144
583,inform,0.008006407690254359
584,inform collabor,0.008006407690254359
585,infrastructur,0.005352877275721889
586,infrastructur problem,0.005352877275721889
587,institutions,0.0066081860045509
588,institutions educ,0.0066081860045509
589,intens,0.008006407690254359
590,intens cours,0.008006407690254359
591,interact dure,0.007142857142857144
592,interact impos,0.007142857142857144
593,interact learn,0.009053574604251855
594,interact learners,0.008006407690254359
595,interact multimedia,0.009053574604251855
596,internet,0.005352877275721889
597,internet old,0.005352877275721889
598,investig,0.012500000000000004
599,investig relat,0.012500000000000004
600,irrespons,0.005352877275721889
601,irrespons dure,0.005352877275721889
602,irt,0.009128709291752772
603,irt wherebi,0.009128709291752772
604,item estim,0.009128709291752772
605,item questionnair,0.005352877275721889
606,item respons,0.009128709291752772
607,items,0.016012815380508718
608,items point,0.008006407690254359
609,items sent,0.008006407690254359
610,job,0.009128709291752772
611,job academ,0.009128709291752772
612,key,0.009053574604251855
613,key reason,0.009053574604251855
614,knowledg,0.005352877275721889
615,knowledg fail,0.005352877275721889
616,known,0.006201736729460425
617,known element,0.006201736729460425
618,kosygina,0.005352877275721889
619,kosygina sechenov,0.005352877275721889
620,kuban,0.005352877275721889
621,kuban state,0.005352877275721889
622,lack,0.005352877275721889
623,lack technic,0.005352877275721889
624,languag,0.008006407690254359
625,languag effect,0.008006407690254359
626,language,0.008006407690254359
627,latent,0.018257418583505543
628,latent trait,0.018257418583505543
629,lead,0.005352877275721889
630,lead declin,0.005352877275721889
631,learn activ,0.005352877275721889
632,learn advanc,0.005352877275721889
633,learn allow,0.008006407690254359
634,learn base,0.009053574604251855
635,learn becom,0.005352877275721889
636,learn communiti,0.010314212462587936
637,learn confirm,0.006201736729460425
638,learn cours,0.01810714920850371
639,learn courses,0.009053574604251855
640,learn develop,0.005352877275721889
641,learn difficulties,0.0066081860045509
642,learn dure,0.007142857142857144
643,learn educ,0.009128709291752772
644,learn effect,0.012500000000000004
645,learn elementari,0.0066081860045509
646,learn environ,0.009128709291752772
647,learn environments,0.008006407690254359
648,learn exercis,0.0066081860045509
649,learn extract,0.010314212462587936
650,learn framework,0.009053574604251855
651,learn general,0.005352877275721889
652,learn homes,0.007142857142857144
653,learn job,0.009128709291752772
654,learn learn,0.008006407690254359
655,learn materials,0.012500000000000004
656,learn media,0.021594472522460842
657,learn need,0.005352877275721889
658,learn new,0.008006407690254359
659,learn phenomenon,0.008006407690254359
660,learn practic,0.008006407690254359
661,learn prefer,0.012500000000000004
662,learn process,0.009053574604251855
663,learn processes,0.008006407690254359
664,learn propos,0.010314212462587936
665,learn real,0.0066081860045509
666,learn relat,0.005352877275721889
667,learn resourc,0.0071981575074869485
668,learn school,0.008006407690254359
669,learn self,0.01240347345892085
670,learn society,0.005352877275721889
671,learn specif,0.0071981575074869485
672,learn student,0.010705754551443777
673,learn technology,0.006201736729460425
674,learn tool,0.008006407690254359
675,learn transfer,0.009128709291752772
676,learn universities,0.005352877275721889
677,learn use,0.0132163720091018
678,learner adjust,0.007142857142857144
679,learner characteristic,0.009128709291752772
680,learner feel,0.008006407690254359
681,learner transfer,0.009128709291752772
682,learners,0.008006407690254359
683,learners necess,0.008006407690254359
684,learnerâ characterist,0.009128709291752772
685,learnerâ feel,0.008006407690254359
686,learnerâ type,0.012500000000000004
687,learning furthermore,0.0066081860045509
688,learning learn,0.006201736729460425
689,learning learnerâ,0.008006407690254359
690,learning lectur,0.007142857142857144
691,learning studi,0.007142857142857144
692,lectur,0.014285714285714289
693,lectur interact,0.007142857142857144
694,lectur learner,0.007142857142857144
695,lessons,0.005352877275721889
696,lessons hand,0.005352877275721889
697,level,0.02500000000000001
698,level distractions,0.012500000000000004
699,level motiv,0.012500000000000004
700,life,0.005352877275721889
701,life society,0.005352877275721889
702,like,0.006201736729460425
703,like accept,0.006201736729460425
704,limit,0.006201736729460425
705,limit research,0.006201736729460425
706,literatur,0.01240347345892085
707,literatur review,0.01240347345892085
708,location,0.012500000000000004
709,location level,0.012500000000000004
710,logic,0.0066081860045509
711,logic think,0.0066081860045509
712,logist,0.009128709291752772
713,logist model,0.009128709291752772
714,look,0.009128709291752772
715,look factor,0.009128709291752772
716,low,0.0066081860045509
717,low visual,0.0066081860045509
718,main campus,0.008006407690254359
719,main relat,0.005352877275721889
720,make,0.009053574604251855
721,make suitabl,0.009053574604251855
722,malaysia,0.016012815380508718
723,malaysia penang,0.008006407690254359
724,malaysia respect,0.008006407690254359
725,manag answer,0.009053574604251855
726,manag distribut,0.008006407690254359
727,management expect,0.006201736729460425
728,management quality,0.006201736729460425
729,management rasch,0.009128709291752772
730,managers,0.008006407690254359
731,managers posit,0.008006407690254359
732,march,0.006201736729460425
733,march 2017,0.006201736729460425
734,match,0.012500000000000004
735,match alloc,0.012500000000000004
736,materials,0.012500000000000004
737,materials appl,0.012500000000000004
738,meaning,0.0066081860045509
739,meaning learning,0.0066081860045509
740,measur dimensions,0.009128709291752772
741,measur effect,0.009128709291752772
742,measur items,0.008006407690254359
743,mechan,0.008006407690254359
744,mechan underli,0.008006407690254359
745,media,0.021594472522460842
746,media accord,0.0071981575074869485
747,media concept,0.0071981575074869485
748,media redox,0.0071981575074869485
749,medic,0.005352877275721889
750,medic university,0.005352877275721889
751,memrg,0.041256849850351746
752,memrg methodolog,0.010314212462587936
753,memrg new,0.010314212462587936
754,memrg questionnair,0.010314212462587936
755,mention,0.005352877275721889
756,mention set,0.005352877275721889
757,messag,0.009053574604251855
758,messag results,0.009053574604251855
759,method experi,0.005352877275721889
760,method mobil,0.005352877275721889
761,methodolog application,0.009053574604251855
762,methodolog base,0.010314212462587936
763,methodolog modern,0.006201736729460425
764,ministri,0.006201736729460425
765,ministri acquir,0.006201736729460425
766,mix,0.010314212462587936
767,mix realiti,0.010314212462587936
768,mobil educ,0.010314212462587936
769,mobil technolog,0.006201736729460425
770,mode,0.005352877275721889
771,mode deliveri,0.005352877275721889
772,model consist,0.012500000000000004
773,model data,0.0071981575074869485
774,model described,0.012500000000000004
775,model ideal,0.0066081860045509
776,model item,0.009128709291752772
777,model new,0.006201736729460425
778,model paramet,0.009128709291752772
779,model potenti,0.012500000000000004
780,model use,0.0071981575074869485
781,modern,0.006201736729460425
782,modern mobil,0.006201736729460425
783,modul,0.009053574604251855
784,modul respons,0.009053574604251855
785,modules,0.009053574604251855
786,modules end,0.009053574604251855
787,moscow,0.005352877275721889
788,moscow state,0.005352877275721889
789,motiv avail,0.012500000000000004
790,motiv perceiv,0.009128709291752772
791,motiv qualiti,0.006201736729460425
792,motiv teacher,0.005352877275721889
793,motiv unifi,0.006201736729460425
794,motiv use,0.008006407690254359
795,motivation,0.008006407690254359
796,motivation psycholog,0.008006407690254359
797,multimedia,0.009053574604251855
798,multimedia modules,0.009053574604251855
799,nation,0.007142857142857144
800,nation univers,0.007142857142857144
801,nations,0.007142857142857144
802,nations educ,0.007142857142857144
803,necess,0.008006407690254359
804,necess revis,0.008006407690254359
805,need,0.005352877275721889
806,need universities,0.005352877275721889
807,negat,0.005352877275721889
808,negat sides,0.005352877275721889
809,new definit,0.010314212462587936
810,new learn,0.008006407690254359
811,new method,0.009128709291752772
812,new normal,0.007142857142857144
813,new psycho,0.010314212462587936
814,new recent,0.005352877275721889
815,new technolog,0.006201736729460425
816,new technology,0.006201736729460425
817,normal,0.007142857142857144
818,normal learn,0.007142857142857144
819,note gender,0.006201736729460425
820,note posit,0.005352877275721889
821,object,0.010314212462587936
822,object build,0.010314212462587936
823,obtain accur,0.0066081860045509
824,obtain expert,0.0071981575074869485
825,occur,0.009128709291752772
826,occur influenc,0.009128709291752772
827,old demograph,0.006201736729460425
828,old gadget,0.005352877275721889
829,onlin 11,0.005352877275721889
830,onlin class,0.007142857142857144
831,onlin classes,0.005352877275721889
832,onlin cours,0.007142857142857144
833,onlin courses,0.007142857142857144
834,onlin factor,0.007142857142857144
835,onlin questionnaire,0.007142857142857144
836,onlin task,0.007142857142857144
837,onlin train,0.007142857142857144
838,open,0.008006407690254359
839,open distanc,0.008006407690254359
840,order,0.006201736729460425
841,order strateg,0.006201736729460425
842,orient,0.009053574604251855
843,orient questions,0.009053574604251855
844,oxyd,0.0071981575074869485
845,oxyd reactions,0.0071981575074869485
846,packag,0.008006407690254359
847,packag social,0.008006407690254359
848,pandem,0.005352877275721889
849,pandem restrict,0.005352877275721889
850,pandemic,0.007142857142857144
851,paper analys,0.010314212462587936
852,paper focus,0.009053574604251855
853,paramet,0.009128709291752772
854,paramet logist,0.009128709291752772
855,peck,0.0071981575074869485
856,peck 1988,0.0071981575074869485
857,pedagog approach,0.010314212462587936
858,pedagog psycholog,0.005352877275721889
859,pedagogical,0.005352877275721889
860,pedagogical psycholog,0.005352877275721889
861,penang,0.008006407690254359
862,penang mobil,0.008006407690254359
863,peopleâ,0.008006407690254359
864,peopleâ psycholog,0.008006407690254359
865,perceiv,0.009128709291752772
866,perceiv utility,0.009128709291752772
867,percentag,0.0066081860045509
868,percentag techniqu,0.0066081860045509
869,performance,0.006201736729460425
870,performance hedon,0.006201736729460425
871,performances,0.009128709291752772
872,person,0.009128709291752772
873,person latent,0.009128709291752772
874,phenomenon,0.008006407690254359
875,phenomenon open,0.008006407690254359
876,pile,0.007142857142857144
877,pile onlin,0.007142857142857144
878,popul,0.0066081860045509
879,popul elementari,0.0066081860045509
880,popular addit,0.009053574604251855
881,popular pandem,0.005352877275721889
882,popular today,0.005352877275721889
883,portabl,0.009053574604251855
884,portabl access,0.009053574604251855
885,posit negat,0.005352877275721889
886,posit respons,0.008006407690254359
887,possibl,0.005352877275721889
888,possibl use,0.005352877275721889
889,potenti,0.012500000000000004
890,potenti increas,0.012500000000000004
891,practic implic,0.007142857142857144
892,practic signific,0.005352877275721889
893,practic technology,0.008006407690254359
894,practical,0.0071981575074869485
895,practical real,0.0071981575074869485
896,predictor,0.007142857142857144
897,predictor student,0.007142857142857144
898,prefer,0.012500000000000004
899,prefer location,0.012500000000000004
900,preval,0.005352877275721889
901,preval mobil,0.005352877275721889
902,prevent,0.005352877275721889
903,prevent widespread,0.005352877275721889
904,problem,0.02676438637860944
905,problem associ,0.010705754551443777
906,problem impact,0.005352877275721889
907,problem internet,0.005352877275721889
908,problem prevent,0.005352877275721889
909,process 56,0.005352877275721889
910,process competit,0.009053574604251855
911,process deep,0.006201736729460425
912,process development,0.0071981575074869485
913,process mechan,0.008006407690254359
914,process teacher,0.009053574604251855
915,process use,0.0066081860045509
916,processes,0.008006407690254359
917,processes statist,0.008006407690254359
918,profession,0.005352877275721889
919,profession begin,0.005352877275721889
920,program,0.0071981575074869485
921,program univers,0.0071981575074869485
922,project,0.006201736729460425
923,project declar,0.006201736729460425
924,propos memrg,0.010314212462587936
925,propos new,0.010314212462587936
926,propos paper,0.012500000000000004
927,propos structur,0.005352877275721889
928,propos various,0.010314212462587936
929,prospect,0.005352877275721889
930,prospect research,0.005352877275721889
931,psycho,0.010314212462587936
932,psycho pedagog,0.010314212462587936
933,psycholog aspect,0.010705754551443777
934,psycholog factors,0.008006407690254359
935,psycholog languag,0.008006407690254359
936,pupils,0.0066081860045509
937,pupils sampl,0.0066081860045509
938,purpos select,0.0066081860045509
939,purpos studi,0.009128709291752772
940,pursuits,0.0066081860045509
941,qualit,0.0066081860045509
942,qualit approach,0.0066081860045509
943,qualiti applic,0.0071981575074869485
944,qualiti did,0.006201736729460425
945,qualiti mobil,0.005352877275721889
946,qualiti training,0.005352877275721889
947,qualiti usabl,0.0071981575074869485
948,quality,0.006201736729460425
949,quality hedon,0.006201736729460425
950,quantifi,0.010314212462587936
951,quantifi scale,0.010314212462587936
952,quantit approach,0.0071981575074869485
953,quantit popul,0.0066081860045509
954,questionnair 12,0.008006407690254359
955,questionnair administ,0.009128709291752772
956,questionnair conduct,0.005352877275721889
957,questionnair quantifi,0.010314212462587936
958,questionnair test,0.0066081860045509
959,questionnair use,0.009128709291752772
960,questionnaire,0.007142857142857144
961,questionnaire data,0.007142857142857144
962,questionnaires,0.0071981575074869485
963,questionnaires result,0.0071981575074869485
964,questions,0.009053574604251855
965,questions feedback,0.009053574604251855
966,rais,0.005352877275721889
967,rais motiv,0.005352877275721889
968,reactions,0.0071981575074869485
969,real tim,0.0071981575074869485
970,real world,0.019824558013652696
971,realiti,0.010314212462587936
972,realiti game,0.010314212462587936
973,reason implement,0.005352877275721889
974,reason measur,0.009128709291752772
975,reason mobil,0.009053574604251855
976,reason studentsâ,0.009128709291752772
977,receiv sms,0.009053574604251855
978,receiv teacher,0.0066081860045509
979,recent,0.005352877275721889
980,recent gain,0.005352877275721889
981,recommend,0.010705754551443777
982,recommend improv,0.005352877275721889
983,recommend improvement,0.005352877275721889
984,redokspro,0.0071981575074869485
985,redokspro applic,0.0071981575074869485
986,redox,0.014396315014973897
987,redox concept,0.0071981575074869485
988,redox effective,0.0071981575074869485
989,reduct,0.0071981575074869485
990,reduct oxyd,0.0071981575074869485
991,reflect,0.009128709291752772
992,reflect various,0.009128709291752772
993,regress,0.007142857142857144
994,regress employ,0.007142857142857144
995,regul,0.007142857142857144
996,regul learning,0.007142857142857144
997,relat model,0.012500000000000004
998,relat new,0.005352877275721889
999,relat pedagog,0.005352877275721889
1000,remot,0.009053574604251855
1001,remot interact,0.009053574604251855
1002,replac,0.007142857142857144
1003,replac onlin,0.007142857142857144
1004,research base,0.005352877275721889
1005,research consolid,0.006201736729460425
1006,research design,0.009128709291752772
1007,research determin,0.0066081860045509
1008,research element,0.006201736729460425
1009,research investig,0.012500000000000004
1010,research model,0.0071981575074869485
1011,research quantit,0.0071981575074869485
1012,research result,0.007142857142857144
1013,research suggest,0.0066081860045509
1014,researchers,0.010314212462587936
1015,researchers distinct,0.010314212462587936
1016,residenti,0.008006407690254359
1017,residenti intens,0.008006407690254359
1018,resourc,0.0071981575074869485
1019,resourc learn,0.0071981575074869485
1020,respect,0.008006407690254359
1021,respect cours,0.008006407690254359
1022,respons gather,0.009128709291752772
1023,respons learner,0.008006407690254359
1024,respons store,0.009053574604251855
1025,respons theori,0.009128709291752772
1026,restrict,0.005352877275721889
1027,restrict 2020,0.005352877275721889
1028,result indic,0.0071981575074869485
1029,result skill,0.007142857142857144
1030,result student,0.009053574604251855
1031,results addition,0.0066081860045509
1032,results specif,0.009053574604251855
1033,results support,0.0066081860045509
1034,review 94,0.0071981575074869485
1035,review saudi,0.006201736729460425
1036,review student,0.006201736729460425
1037,reviews,0.0071981575074869485
1038,reviews small,0.0071981575074869485
1039,revis,0.008006407690254359
1040,revis peopleâ,0.008006407690254359
1041,russian,0.010705754551443777
1042,russian state,0.005352877275721889
1043,russian univers,0.005352877275721889
1044,sain,0.016012815380508718
1045,sain malaysia,0.016012815380508718
1046,sampl,0.0132163720091018
1047,sampl 26,0.0066081860045509
1048,sampl taken,0.0066081860045509
1049,saudi,0.018605210188381273
1050,saudi arabia,0.006201736729460425
1051,saudi arabian,0.01240347345892085
1052,say,0.005352877275721889
1053,say student,0.005352877275721889
1054,scale design,0.010314212462587936
1055,school closures,0.007142857142857144
1056,school distanc,0.008006407690254359
1057,school setting,0.006201736729460425
1058,school student,0.0132163720091018
1059,school students,0.006201736729460425
1060,scienc spss,0.008006407690254359
1061,score,0.0071981575074869485
1062,score 86,0.0071981575074869485
1063,screens,0.007142857142857144
1064,screens struggl,0.007142857142857144
1065,sechenov,0.005352877275721889
1066,sechenov moscow,0.005352877275721889
1067,select,0.0066081860045509
1068,select sampl,0.0066081860045509
1069,self management,0.01240347345892085
1070,self regul,0.007142857142857144
1071,sent,0.008006407690254359
1072,sent 105,0.008006407690254359
1073,server,0.009053574604251855
1074,server result,0.009053574604251855
1075,session,0.008006407690254359
1076,session dure,0.008006407690254359
1077,set,0.005352877275721889
1078,set problem,0.005352877275721889
1079,setting,0.006201736729460425
1080,setting conclus,0.006201736729460425
1081,sever,0.02716072381275557
1082,sever interact,0.009053574604251855
1083,sever mobil,0.009053574604251855
1084,sever orient,0.009053574604251855
1085,sheet,0.0066081860045509
1086,sheet used,0.0066081860045509
1087,sides,0.005352877275721889
1088,sides studi,0.005352877275721889
1089,signific becaus,0.0066081860045509
1090,signific factor,0.006201736729460425
1091,signific influence,0.007142857142857144
1092,signific prospect,0.005352877275721889
1093,signific theoret,0.006201736729460425
1094,simpl,0.008006407690254359
1095,simpl language,0.008006407690254359
1096,sinc,0.007142857142857144
1097,sinc 2020,0.007142857142857144
1098,situations,0.007142857142857144
1099,situations new,0.007142857142857144
1100,skill,0.007142857142857144
1101,skill enhancement,0.007142857142857144
1102,skills adapt,0.005352877275721889
1103,skills entri,0.0066081860045509
1104,skip,0.005352877275721889
1105,skip lessons,0.005352877275721889
1106,small,0.014396315014973897
1107,small group,0.014396315014973897
1108,smartpl,0.0066081860045509
1109,smartpl application,0.0066081860045509
1110,sms learn,0.009128709291752772
1111,sms messag,0.009053574604251855
1112,sms reason,0.009128709291752772
1113,societ,0.006201736729460425
1114,societ influenc,0.006201736729460425
1115,society,0.010705754551443777
1116,society effici,0.005352877275721889
1117,society futur,0.005352877275721889
1118,space,0.006201736729460425
1119,space 2021,0.006201736729460425
1120,specif concept,0.0071981575074869485
1121,specif indicators,0.005352877275721889
1122,specif modul,0.009053574604251855
1123,spend,0.007142857142857144
1124,spend hour,0.007142857142857144
1125,spss,0.008006407690254359
1126,spss version,0.008006407690254359
1127,spss20,0.007142857142857144
1128,spss20 correlation,0.007142857142857144
1129,stare,0.007142857142857144
1130,stare screens,0.007142857142857144
1131,state medic,0.005352877275721889
1132,state receiv,0.0066081860045509
1133,state technolog,0.005352877275721889
1134,state univers,0.005352877275721889
1135,stationari,0.008006407690254359
1136,stationari mobil,0.008006407690254359
1137,statist,0.008006407690254359
1138,statist packag,0.008006407690254359
1139,store,0.009053574604251855
1140,store manag,0.009053574604251855
1141,strateg,0.006201736729460425
1142,strateg implement,0.006201736729460425
1143,structur,0.005352877275721889
1144,structur recommend,0.005352877275721889
1145,struggl,0.007142857142857144
1146,struggl pile,0.007142857142857144
1147,student accept,0.006201736729460425
1148,student alreadi,0.0066081860045509
1149,student answer,0.009053574604251855
1150,student approach,0.006201736729460425
1151,student behav,0.005352877275721889
1152,student chemistri,0.0071981575074869485
1153,student continu,0.007142857142857144
1154,student decision,0.007142857142857144
1155,student desir,0.014285714285714289
1156,student evalu,0.0071981575074869485
1157,student futur,0.005352877275721889
1158,student indonesia,0.0066081860045509
1159,student interact,0.007142857142857144
1160,student learn,0.0066081860045509
1161,student like,0.006201736729460425
1162,student low,0.0066081860045509
1163,student process,0.009053574604251855
1164,student purpos,0.0066081860045509
1165,student teachers,0.005352877275721889
1166,student vietnam,0.007142857142857144
1167,students age,0.006201736729460425
1168,students note,0.006201736729460425
1169,students profession,0.005352877275721889
1170,students result,0.005352877275721889
1171,studentsâ,0.009128709291752772
1172,studentsâ respons,0.009128709291752772
1173,studi aim,0.0071981575074869485
1174,studi approach,0.006201736729460425
1175,studi base,0.005352877275721889
1176,studi collect,0.0071981575074869485
1177,studi determin,0.009128709291752772
1178,studi effect,0.005352877275721889
1179,studi examin,0.008006407690254359
1180,studi explor,0.007142857142857144
1181,studi field,0.007142857142857144
1182,studi learn,0.009128709291752772
1183,studi problem,0.005352877275721889
1184,studi program,0.0071981575074869485
1185,studi propos,0.005352877275721889
1186,studi theoret,0.007142857142857144
1187,studi use,0.005352877275721889
1188,style affect,0.0066081860045509
1189,style cope,0.007142857142857144
1190,suggest practic,0.007142857142857144
1191,suggest teacher,0.0066081860045509
1192,suitabl,0.009053574604251855
1193,suitabl remot,0.009053574604251855
1194,superior,0.009053574604251855
1195,superior portabl,0.009053574604251855
1196,support 4g,0.005352877275721889
1197,support authent,0.0066081860045509
1198,support factor,0.0132163720091018
1199,support motiv,0.008006407690254359
1200,support teacher,0.005352877275721889
1201,survey onlin,0.007142857142857144
1202,survey research,0.009128709291752772
1203,taken,0.0066081860045509
1204,taken base,0.0066081860045509
1205,task,0.007142857142857144
1206,task demotiv,0.007142857142857144
1207,tasks,0.005352877275721889
1208,tasks lead,0.005352877275721889
1209,teach learn,0.007142857142857144
1210,teach method,0.005352877275721889
1211,teach propos,0.010314212462587936
1212,teacher difficulti,0.005352877275721889
1213,teacher guidance,0.0066081860045509
1214,teacher learn,0.0066081860045509
1215,teacher mention,0.005352877275721889
1216,teacher receiv,0.009053574604251855
1217,teacher russian,0.005352877275721889
1218,teacher say,0.005352877275721889
1219,teacher students,0.005352877275721889
1220,teachers,0.005352877275721889
1221,teachers studi,0.005352877275721889
1222,technic,0.005352877275721889
1223,technic support,0.005352877275721889
1224,techniqu,0.0066081860045509
1225,techniqu smartpl,0.0066081860045509
1226,technolog 12,0.006201736729460425
1227,technolog high,0.006201736729460425
1228,technolog skills,0.005352877275721889
1229,technolog university,0.005352877275721889
1230,technolog utaut,0.006201736729460425
1231,technological,0.005352877275721889
1232,technological pedagogical,0.005352877275721889
1233,technology centr,0.008006407690254359
1234,technology research,0.006201736729460425
1235,technology studi,0.006201736729460425
1236,tend,0.005352877275721889
1237,tend skip,0.005352877275721889
1238,term,0.009128709291752772
1239,term motiv,0.009128709291752772
1240,test exams,0.005352877275721889
1241,test sheet,0.0066081860045509
1242,th,0.0066081860045509
1243,th method,0.0066081860045509
1244,theme,0.010314212462587936
1245,theme conversationâ,0.010314212462587936
1246,theoret background,0.007142857142857144
1247,theoret model,0.006201736729460425
1248,theori accept,0.006201736729460425
1249,theori irt,0.009128709291752772
1250,think,0.0066081860045509
1251,think skills,0.0066081860045509
1252,tim,0.0071981575074869485
1253,tim learn,0.0071981575074869485
1254,time,0.02500000000000001
1255,time day,0.012500000000000004
1256,time propos,0.012500000000000004
1257,today,0.010705754551443777
1258,today everi,0.005352877275721889
1259,today type,0.005352877275721889
1260,took,0.007142857142857144
1261,took survey,0.007142857142857144
1262,tool,0.008006407690254359
1263,tool mobil,0.008006407690254359
1264,train,0.007142857142857144
1265,train better,0.007142857142857144
1266,training,0.005352877275721889
1267,training main,0.005352877275721889
1268,trait,0.018257418583505543
1269,trait person,0.009128709291752772
1270,trait reflect,0.009128709291752772
1271,transfer,0.018257418583505543
1272,transfer learn,0.009128709291752772
1273,transfer occur,0.009128709291752772
1274,tutori,0.008006407690254359
1275,tutori session,0.008006407690254359
1276,type exampl,0.012500000000000004
1277,type learn,0.005352877275721889
1278,underli,0.008006407690254359
1279,underli learn,0.008006407690254359
1280,understand,0.006201736729460425
1281,understand element,0.006201736729460425
1282,unexpect,0.007142857142857144
1283,unexpect situations,0.007142857142857144
1284,unifi,0.006201736729460425
1285,unifi theori,0.006201736729460425
1286,univers implement,0.007142857142857144
1287,univers indonesia,0.0071981575074869485
1288,univers kosygina,0.005352877275721889
1289,univers russian,0.005352877275721889
1290,univers sain,0.016012815380508718
1291,univers teacher,0.005352877275721889
1292,univers took,0.007142857142857144
1293,universities,0.010705754551443777
1294,universities infrastructur,0.005352877275721889
1295,universities rais,0.005352877275721889
1296,university,0.010705754551443777
1297,university kuban,0.005352877275721889
1298,university practic,0.005352877275721889
1299,updat,0.006201736729460425
1300,updat improv,0.006201736729460425
1301,usabl app,0.0071981575074869485
1302,usabl simpl,0.008006407690254359
1303,usabl version,0.0071981575074869485
1304,use addit,0.008006407690254359
1305,use analyz,0.005352877275721889
1306,use authent,0.0132163720091018
1307,use descript,0.0066081860045509
1308,use develop,0.0066081860045509
1309,use elementari,0.0066081860045509
1310,use evalu,0.0071981575074869485
1311,use hannafin,0.0071981575074869485
1312,use learn,0.009128709291752772
1313,use mobil,0.008006407690254359
1314,use mode,0.005352877275721889
1315,use percentag,0.0066081860045509
1316,use point,0.009128709291752772
1317,use questionnaires,0.0071981575074869485
1318,use research,0.0071981575074869485
1319,use result,0.005352877275721889
1320,use spss20,0.007142857142857144
1321,use technolog,0.006201736729460425
1322,used data,0.0066081860045509
1323,used educators,0.005352877275721889
1324,utaut,0.006201736729460425
1325,utaut creat,0.006201736729460425
1326,util,0.0071981575074869485
1327,util mobil,0.0071981575074869485
1328,utility,0.009128709291752772
1329,utility valu,0.009128709291752772
1330,valu,0.009128709291752772
1331,valu sms,0.009128709291752772
1332,various approach,0.0066081860045509
1333,various fields,0.005352877275721889
1334,various item,0.009128709291752772
1335,various problem,0.005352877275721889
1336,various researchers,0.010314212462587936
1337,version 12,0.008006407690254359
1338,version score,0.0071981575074869485
1339,version util,0.0071981575074869485
1340,vietnam,0.007142857142857144
1341,vietnam nation,0.007142857142857144
1342,visit,0.0066081860045509
1343,visit whatsapp,0.0066081860045509
1344,visual,0.0066081860045509
1345,visual auditori,0.0066081860045509
1346,volunt,0.0071981575074869485
1347,volunt use,0.0071981575074869485
1348,whatsapp,0.0066081860045509
1349,whatsapp application,0.0066081860045509
1350,wherebi,0.009128709291752772
1351,wherebi given,0.009128709291752772
1352,widespread,0.005352877275721889
1353,widespread use,0.005352877275721889
1354,world,0.019824558013652696
1355,world activ,0.0066081860045509
1356,world activities,0.0066081860045509
1357,world pursuits,0.0066081860045509
1358,year old,0.006201736729460425
1359,year sever,0.009053574604251855
